"In the Ancient Hippocratic Oath, who is the primary god of medicine invoked at the start of the swearing?",Apollo
Name the four deities invoked in the opening of the Ancient Hippocratic Oath.,"Apollo, Asclepius, Hygieia, and Panacea"
"According to the Ancient Oath, a physician must look upon the offspring of their teacher as if they were _____.",siblings
What is the specific requirement in the Ancient Oath regarding the teaching of medicine to a teacher's offspring?,It must be done without fee or contract.
"In the Ancient Hippocratic Oath, dietary regimens are to be used for the _____ of the patient.",benefit
The Ancient Hippocratic Oath explicitly prohibits the administration of _____ drugs to any patient.,lethal
"According to the Ancient Oath, what is a physician's duty if asked to advise a plan to end a life?",They must refuse to provide such advice.
The Ancient Hippocratic Oath contains a specific prohibition against providing a woman with a _____ to cause an abortion.,pessary
Which surgical act does the Ancient Oath specify should be left to those trained in the craft rather than performed by the physician?,The use of the knife (specifically for those suffering from stones).
"When entering a home, the Ancient Oath mandates the physician to avoid any voluntary act of _____ or corruption.",impropriety
The Ancient Oath forbids the seduction of which specific groups within a patient's home?,"Women or men, whether they are free or slaves."
"In the Hippocratic tradition, what is the physician's duty regarding information heard or seen during professional practice?",To keep it secret and consider it private.
What is the promised outcome for a physician who faithfully maintains the Hippocratic Oath?,To partake in life and art fully and gain the respect of all men.
Who is the academic dean responsible for the 1964 modern version of the Hippocratic Oath?,Louis Lasagna
"In Louis Lasagna's 1964 Oath, medicine is described as being both a science and an _____.",art
"According to the 1964 Oath, which three human qualities may outweigh the 'surgeon’s knife' or 'chemist’s drug'?","Warmth, sympathy, and understanding"
Lasagna's modern oath warns physicians against the 'twin traps' of overtreatment and _____.,therapeutic nihilism
"Under the 1964 Oath, what is a physician's duty when their own skills are insufficient for a patient's recovery?",To call in colleagues whose skills are needed.
"In the modern oath, what does a physician treat instead of a 'fever chart' or 'cancerous growth'?",A sick human being
"According to the 1964 Hippocratic Oath, _____ is considered preferable to cure.",prevention
"The 1964 Oath states that a physician has special obligations to all fellow human beings, including those sound of _____ as well as the infirm.",mind and body
"In the context of Rational Medicine, which early medical concept involves a theory regarding the balance of bodily fluids?",Theory of humors
Which historical figure is listed in the syllabus as part of the Medicine of Ancient Greece alongside Pythagoras and Hippocrates?,Alcmaeon
"According to the course syllabus, what is the 'theory of humors' specifically associated with?",Rational medicine
Ezio Di Nucci argues that the lasting influence of the Hippocratic Oath is symbolic of the _____ responsibility of healthcare professionals.,special
"In the Ancient Oath, the physician swears 'In _____ and according to divine law will I carry out my life and my art.'",purity
What does the phrase 'primum non nocere' mean in the context of medical ethics principles?,"Above all, do no harm."
"In the 1964 Oath, the physician is reminded to tread with care in matters of _____.",life and death
How does the modern 1964 Oath characterize the physician's approach to their own knowledge and its relation to future physicians?,They should gladly share their knowledge with those who follow.
"According to Lasagna's version of the oath, what 'awesome responsibility' must be faced with 'great humbleness'?",The power to take a life.
The 1964 Oath reminds the physician that a patient's illness may affect the person's family and _____ stability.,economic
"In the History of Medicine syllabus, 'Rational medicine' is placed in the context of which ancient civilization?",Ancient Greece
Which philosophical school or figure is listed in the syllabus as a precursor to Hippocrates in Ancient Greek medicine?,Pythagoras
What is the 'duty of care' that Di Nucci links to the medical profession's unique skillset?,The special responsibility to make life-saving skills available.
True or False: The Ancient Hippocratic Oath includes a clause about treating the families of teachers as equals to one's own siblings.,True
"In the Ancient Oath, what is the physician's vow regarding 'the knife'?","They will not use it, leaving surgery to those trained in that craft."
"Under the 1964 Oath, the physician vows to remain a member of _____ with special obligations to fellow human beings.",society
The modern version of the oath emphasizes that a physician should not be ashamed to say '_____.',I know not
The Ancient Hippocratic Oath specifically mentions that physician conduct should be 'without distinction' regarding what status of the patient?,Whether they are free men or slaves.
"In the Ancient Oath, a physician vows to use 'dietary regimens' which will _____ patients.",benefit
How does the Ancient Oath define the partnership between the student and teacher of the medical art?,To be a partner in life with the teacher and fulfill their needs when required.
Which century is the Ancient Hippocratic Oath thought to originate from?,Late fifth century BC
"In the modern oath, what is the physician's attitude toward 'playing at God'?",They must avoid it above all.
"In the Ancient Oath, what 'voluntary act' in the home is specifically highlighted to be avoided beside corruption?",The seduction of women or men.
"According to Di Nucci, what is the significance of the fact that ancient physicians were expected to take an oath before written contracts existed?",It suggests they were held to higher or different ethical standards than others.
What 'twin traps' does the 1964 Oath urge physicians to navigate between?,Overtreatment and therapeutic nihilism
"In the 1964 Oath, the physician vows to respect the 'hard-won _____ gains' of previous physicians.",scientific
"According to the Ancient Oath, secrecy applies to things heard 'whether in connection with my _____ or not.'",professional practice
The Ancient Oath describes medical information that should not be spoken outside as '_____.',private
Which philosopher is listed in the syllabus immediately following the Theory of Humors?,Aristotle
The term 'Rational medicine' signifies a move toward explaining health phenomena through _____ rather than divine intervention.,reason (or ideas and concepts)
What is the primary difference in surgical outlook between the Ancient and Modern Hippocratic Oaths mentioned in the text?,"The Ancient Oath forbids the use of the knife, while the Modern Oath discusses the surgeon’s knife as a tool that can be outweighed by sympathy."
"In the context of Rational Medicine, what school is Alcmaeon associated with in the History of Medicine syllabus?",Medicine of Ancient Greece
"In the Ancient Oath, who are 'Hygieia and Panacea'?",Greek goddesses invoked in the opening of the oath.
The Ancient Oath mentions that a physician must follow the 'law of _____' when impartially teaching students.,medicine