"In the Vienna General Hospital during the 1840s, which obstetrical division had a mortality rate ten times higher than the other?",Division I
What was the primary difference in staffing between Division I and Division II at the Vienna General Hospital?,"Division I was staffed by doctors and medical students, while Division II was staffed by midwives."
What was Semmelweis's observation regarding the mortality of women who gave birth in the streets compared to those in Division I?,"Street births had a significantly lower mortality rate, often close to zero."
Whose accidental death in 1847 provided the key insight for Ignaz Semmelweis’s theory on puerperal fever?,Jakob Kolletschka
What specific discovery did Semmelweis make during the autopsy of Jakob Kolletschka?,The pathological changes were identical to those found in women who died of puerperal fever.
What did Semmelweis identify as the causative agent of puerperal fever before the discovery of bacteria?,Invisible cadaver particles.
"According to Semmelweis, how were ""cadaver particles"" primarily transmitted to patients in Division I?",Through the unwashed hands of students and physicians coming directly from autopsies.
What specific intervention did Semmelweis institute in May 1847 to reduce maternal mortality?,Hand washing in a chlorinated lime solution.
"What chemical solution did Semmelweis require staff to use until the ""cadaver smell"" was gone?",Chlorinated lime (CaOCl_{2}).
"By 1848, the mortality rate in Division I dropped from over 18\% to approximately what percentage?",1.2\%.
"In Semmelweis's view, how did ""transmissible"" diseases like puerperal fever differ from ""contagious"" diseases like smallpox?","Transmissible diseases could be caused by any source of putrid matter, whereas contagious diseases only came from another case of that same disease."
"Who was the Professor of Obstetrics and ""old guard"" figure who most strongly opposed Semmelweis in Vienna?",Johann Klein
Why did the medical establishment find Semmelweis's theory personally offensive?,It implied that doctors were the unwitting cause of their patients' deaths.
How many years did Semmelweis wait after his discovery before publishing his first formal work on the subject?,Eleven years.
To which city did Semmelweis abruptly flee in 1850 after his teaching prerogatives were restricted in Vienna?,Pest (Budapest).
What is the title of Semmelweis's 1860 magnum opus regarding his discovery?,"""The Etiology, the Concept, and the Prevention of Puerperal Fever""."
"What was the tone of the ""Open Letters"" Semmelweis published in 1861?","Aggressive and bellicose, explicitly calling his opponents ""murderers."""
Which highly influential German pathologist remained a major opponent of Semmelweis’s doctrine for years?,Rudolf Virchow
"What scientific milestone was missing in the 1840s that would have validated Semmelweis's ""particles"" theory?",The germ theory of disease (demonstrating that bacteria cause putrefaction).
What is the modern theory regarding the immediate cause of Ignaz Semmelweis's death in 1865?,Injuries sustained from a beating by asylum personnel.
What organic brain condition is retrospectively suggested as the cause of Semmelweis's mental decline and erratic behavior?,Alzheimer's presenile dementia.
Who was the dermatologist friend of Semmelweis who first published a description of the theory in 1847?,Ferdinand von Hebra
"Semmelweis noted that puerperal fever could be caused by contact with sources other than cadavers, such as _____.","Putrid organic matter from living patients (e.g., lanced boils or discharging cancers)."
"Why did Semmelweis argue that the ""seasonal"" or ""miasmatic"" theories of fever were incorrect?",Mortality rates did not correlate with weather but did correlate with the presence of medical students.
The _____ observed that the number of deaths increased whenever a new group of students began their clinical rotation.,Statistical analysis of mortality (or Yearly statistics)
"What was the ""tragic flaw"" in Semmelweis's character described by Nuland that hindered the acceptance of his work?","An abrasive, self-righteous, and stubborn nature that alienated potential supporters."
"How did Karl Braun, Klein’s successor, achieve low mortality rates while still publicly rejecting Semmelweis’s theory?",He prohibited any student with foul-smelling hands from examining patients.
"What term did Semmelweis use to describe his discovery in his letters, suggesting its enlightening nature?","The ""Puerperal Sun."""
"In the context of 19th-century Vienna, who were the ""Young Turks"" who supported Semmelweis?","The younger, liberal faculty members who championed scientific logic and pathologic anatomy."
"What was the significance of ""cadaver particles"" being recognizable only by their odor?",It provided a sensory metric for cleanliness in the absence of microscopic proof.
Who was the professor of pathologic anatomy in Vienna who allowed Semmelweis to dissect female cadavers to study the disease?,Karl von Rokitansky
Semmelweis found that the likelihood of developing fever was positively correlated with the extent of _____ during delivery.,Injury to the cervix and uterus
What did the legend of Semmelweis's death falsely claim he died from?,The same disease he fought (puerperal fever) contracted from an accidental cut.
"Why did Semmelweis feel like an ""outsider"" in the Viennese academic community?","His bourgeois background, Hungarian origins, and awkward German dialect."
"Which Viennese professor of medicine was an ""intellectual father"" of the discovery by teaching clinical reasoning?",Joseph Skoda
"According to Semmelweis, the postpartum uterus is vulnerable to infection because it resembles a(n) _____.",Injured surface (or denuded lining).
What did Semmelweis do in 1862 that targeted all professors of obstetrics across Europe?,He published a final open letter calling them murderers if they ignored his doctrine.
Why were mortality figures in the hospital often skewed or lower than the true magnitude of the problem?,"Women who were dying were often transferred to general hospital wards, removing them from obstetrical statistics."
"What effect did closing a ward have on the epidemic of childbed fever, according to Semmelweis's observations?",It temporarily stopped the mortality until the ward was reopened.
How did the 1848 revolutions in Vienna impact the conflict over Semmelweis's theory?,It intensified the battle between the new scientific school and the conservative government-backed establishment.